"Name","Start_Page","Stop_Page"
"AEO 1","1","111"
"AEO 2","1","64"
"AEO 2 A","1","105"
"AEO 3","1","284"
"AEO 4","1","84"
"AEO 5","1","56"
"AEO 6","1","61"
"AEO 6 A","1","130"
"AEO 7","1","62"
"AEO 8","1","88"
"AEO 9","1","48"
"AEO 10","1","250"
"AEO 11","1","187"
"AEO 12","1","107"
"AEO 13","1","813"
"AEO 14","1","102"
"AEO 15","1","135"
"AEO 16","1","78"
"AEO 17","1","186"
"AEO 18","1","320"
"AIO 1","1","513"
"AIO 1 .001","17","513"
"AIO 1 .002","23","513"
"AIO 1 .003","30","513"
"AIO 1 .004","32","513"
"AIO 1 .005","43","513"
"AIO 1 .006","49","513"
"AIO 1 .007","60","513"
"AIO 1 .008","77","513"
"AIO 1 .009","85","513"
"AIO 1 .010","99","513"
"AIO 1 .011","111","513"
"AIO 1 .012","119","513"
"AIO 1 .013","123","513"
"AIO 1 .014","131","513"
"AIO 1 .015","134","513"
"AIO 1 .016","137","513"
"AIO 2","1","174"
"AIO 2 .001","14","174"
"AIO 2 .002","13","174"
"AIO 2 .003","12","174"
"AIO 2 .004","10","174"
"AIO 2 .005","9","174"
"AIO 2 .006","7","174"
"AIO 2 A","1","45"
"AIO 2 B","1","2265"
"AIO 2 B .001","24","2265"
"AIO 2 B .002","26","2265"
"AIO 2 B .003","31","2265"
"AIO 2 B .004","38","2265"
"AIO 2 B .005","54","2265"
"AIO 2 B .006","59","2265"
"AIO 2 B .007","67","2265"
"AIO 2 B .008","77","2265"
"AIO 2 B .009","90","2265"
"AIO 2 B .010","104","2265"
"AIO 2 B .011","120","2265"
"AIO 2 B .012","129","2265"
"AIO 2 B .013","134","2265"
"AIO 2 B .014","139","2265"
"AIO 2 B .015","149","2265"
"AIO 2 B .016","166","2265"
"AIO 2 B .017","170","2265"
"AIO 2 B .018","174","2265"
"AIO 2 B .019","184","2265"
"AIO 2 B .020","188","2265"
"AIO 2 B .021","199","2265"
"AIO 2 B .022","203","2265"
"AIO 2 B .023","216","2265"
"AIO 2 B .024","223","2265"
"AIO 2 B .025","231","2265"
"AIO 2 B .026","245","2265"
"AIO 2 B .027","261","2265"
"AIO 2 B .028","270","2265"
"AIO 2 B .029","278","2265"
"AIO 2 B .030","291","2265"
"AIO 2 B .031","295","2265"
"AIO 2 B .032","302","2265"
"AIO 2 B .033","309","2265"
"AIO 2 B .034","314","2265"
"AIO 2 B .035","327","2265"
"AIO 2 B .036","332","2265"
"AIO 2 B .037","349","2265"
"AIO 2 B .038","358","2265"
"AIO 2 B .039","377","2265"
"AIO 2 B .040","381","2265"
"AIO 2 B .041","388","2265"
"AIO 2 B .042","397","2265"
"AIO 2 B .043","401","2265"
"AIO 2 B .044","411","2265"
"AIO 2 B .045","430","2265"
"AIO 2 B .046","438","2265"
"AIO 2 B .047","445","2265"
"AIO 2 B .048","457","2265"
"AIO 2 B .049","461","2265"
"AIO 2 B .050","465","2265"
"AIO 2 B .051","474","2265"
"AIO 2 B .052","478","2265"
"AIO 2 B .053","486","2265"
"AIO 2 B .054","498","2265"
"AIO 2 B .055","504","2265"
"AIO 2 B .056","510","2265"
"AIO 2 B .057","516","2265"
"AIO 2 B .058","520","2265"
"AIO 2 B .059","537","2265"
"AIO 2 B .060","546","2265"
"AIO 2 B .061","557","2265"
"AIO 2 B .062","561","2265"
"AIO 2 B .063","568","2265"
"AIO 2 B .064","576","2265"
"AIO 2 B .065","590","2265"
"AIO 2 B .066","596","2265"
"AIO 2 B .067","600","2265"
"AIO 2 B .068","604","2265"
"AIO 2 B .069","608","2265"
"AIO 2 B .070","613","2265"
"AIO 2 B .071","617","2265"
"AIO 2 B .072","621","2265"
"AIO 2 B .073","625","2265"
"AIO 2 B .074","629","2265"
"AIO 2 B .075","635","2265"
"AIO 2 B .076","641","2265"
"AIO 2 B .077","647","2265"
"AIO 2 B .078","658","2265"
"AIO 2 B .079","664","2265"
"AIO 2 B .080","675","2265"
"AIO 2 B .081","681","2265"
"AIO 2 B .082","682","2265"
"AIO 2 B .083","683","2265"
"AIO 2 B .084","702","2265"
"AIO 2 B .085","708","2265"
"AIO 2 B .086","714","2265"
"AIO 2 B .087","720","2265"
"AIO 2 B .088","729","2265"
"AIO 2 B .089","735","2265"
"AIO 2 B .090","741","2265"
"AIO 2 B .091","746","2265"
"AIO 2 B .092","756","2265"
"AIO 2 B .093","761","2265"
"AIO 2 C","1","1716"
"AIO 2 C .001","14","1716"
"AIO 2 C .002","19","1716"
"AIO 2 C .003","24","1716"
"AIO 2 C .004","29","1716"
"AIO 2 C .005","34","1716"
"AIO 2 C .006","39","1716"
"AIO 2 C .007","44","1716"
"AIO 2 C .008","49","1716"
"AIO 2 C .009","54","1716"
"AIO 2 C .010","59","1716"
"AIO 2 C .011","64","1716"
"AIO 2 C .012","69","1716"
"AIO 2 C .013","74","1716"
"AIO 2 C .014","79","1716"
"AIO 2 C .015","84","1716"
"AIO 2 C .016","92","1716"
"AIO 2 C .017","97","1716"
"AIO 2 C .018","101","1716"
"AIO 2 C .019","105","1716"
"AIO 2 C .020","110","1716"
"AIO 2 C .021","115","1716"
"AIO 2 C .022","120","1716"
"AIO 2 C .023","130","1716"
"AIO 2 C .024","135","1716"
"AIO 2 C .025","140","1716"
"AIO 2 C .026","144","1716"
"AIO 2 C .027","149","1716"
"AIO 2 C .028","157","1716"
"AIO 2 C .029","162","1716"
"AIO 2 C .030","167","1716"
"AIO 2 C .031","173","1716"
"AIO 2 C .032","179","1716"
"AIO 2 C .033","186","1716"
"AIO 2 C .034","193","1716"
"AIO 2 C .035","200","1716"
"AIO 2 C .036","205","1716"
"AIO 2 C .037","210","1716"
"AIO 2 C .038","215","1716"
"AIO 2 C .039","220","1716"
"AIO 2 C .040","225","1716"
"AIO 2 C .041","230","1716"
"AIO 2 C .042","237","1716"
"AIO 2 C .043","244","1716"
"AIO 2 C .044","267","1716"
"AIO 2 C .045","274","1716"
"AIO 2 C .046","281","1716"
"AIO 2 C .047","288","1716"
"AIO 2 C .048","302","1716"
"AIO 2 C .049","309","1716"
"AIO 2 C .050","316","1716"
"AIO 2 C .051","323","1716"
"AIO 2 C .052","333","1716"
"AIO 2 C .053","340","1716"
"AIO 2 C .054","347","1716"
"AIO 2 C .055","357","1716"
"AIO 2 C .056","362","1716"
"AIO 2 C .057","365","1716"
"AIO 2 C .058","375","1716"
"AIO 2 C .059","390","1716"
"AIO 2 C .060","397","1716"
"AIO 2 C .061","409","1716"
"AIO 2 C .062","416","1716"
"AIO 2 C .063","426","1716"
"AIO 2 C .064","429","1716"
"AIO 2 C .065","433","1716"
"AIO 2 C .066","438","1716"
"AIO 2 C .067","447","1716"
"AIO 2 C .068","453","1716"
"AIO 2 C .069","461","1716"
"AIO 2 C .070","468","1716"
"AIO 2 C .071","476","1716"
"AIO 2 C .072","479","1716"
"AIO 2 C .073","473","1716"
"AIO 2 C .074","482","1716"
"AIO 2 C .075","488","1716"
"AIO 2 C .076","492","1716"
"AIO 2 C .077","496","1716"
"AIO 2 C .078","499","1716"
"AIO 2 C .079","502","1716"
"AIO 2 C .080","505","1716"
"AIO 2 C .081","508","1716"
"AIO 2 C .082","511","1716"
"AIO 2 C .083","520","1716"
"AIO 2 C .084","517","1716"
"AIO 2 C .085","522","1716"
"AIO 2 C .086","1","1716"
"AIO 2 C .087","526","1716"
"AIO 2 C .088","530","1716"
"AIO 2 C .089","534","1716"
"AIO 2 C .090","538","1716"
"AIO 2 C .091","541","1716"
"AIO 2 C .092","544","1716"
"AIO 2 C .093","550","1716"
"AIO 2 C .094","556","1716"
"AIO 2 C .095","559","1716"
"AIO 2 C .096","562","1716"
"AIO 2 C .097","566","1716"
"AIO 3","1","799"
"AIO 3 .001","10","799"
"AIO 3 .002","12","799"
"AIO 3 .003","13","799"
"AIO 3 .004","21","799"
"AIO 3 .005","26","799"
"AIO 3 .006","35","799"
"AIO 3 .007","44","799"
"AIO 3 .008","52","799"
"AIO 3 .009","63","799"
"AIO 3 .010","71","799"
"AIO 3 .011","85","799"
"AIO 3 .012","90","799"
"AIO 3 .013","95","799"
"AIO 3 .014","105","799"
"AIO 3 .015","114","799"
"AIO 3 .016","123","799"
"AIO 3 .017","128","799"
"AIO 3 .018","143","799"
"AIO 3 .019","148","799"
"AIO 3 .020","152","799"
"AIO 3 .021","159","799"
"AIO 3 .022","168","799"
"AIO 3 .023","176","799"
"AIO 3 .024","184","799"
"AIO 3 .025","195","799"
"AIO 3 .026","203","799"
"AIO 3 .027","221","799"
"AIO 3 .028","232","799"
"AIO 3 .029","236","799"
"AIO 3 .030","240","799"
"AIO 3 A","1","57"
"AIO 3 A .001","11","57"
"AIO 3 A .002","21","57"
"AIO 3 B","1","276"
"AIO 3 B .001","13","276"
"AIO 3 B .002","17","276"
"AIO 3 B .003","22","276"
"AIO 3 B .004","27","276"
"AIO 3 B .005","32","276"
"AIO 3 B .006","42","276"
"AIO 3 B .007","49","276"
"AIO 3 B .008","56","276"
"AIO 3 B .009","61","276"
"AIO 3 C","1","111"
"AIO 3 C .001","16","111"
"AIO 3 C .002","19","111"
"AIO 3 C .003","22","111"
"AIO 3 C .004","26","111"
"AIO 3 C .005","28","111"
"AIO 3 C .006","33","111"
"AIO 3 C .007","37","111"
"AIO 4","1","221"
"AIO 4 .001","9","221"
"AIO 4 A","1","268"
"AIO 4 B","1","34"
"AIO 4 C","1","789"
"AIO 4 C .001","20","789"
"AIO 4 C .002","21","789"
"AIO 4 C .003","26","789"
"AIO 4 C .004","28","789"
"AIO 4 C .005","30","789"
"AIO 4 C .006","39","789"
"AIO 4 C .007","41","789"
"AIO 4 C .008","48","789"
"AIO 4 C .009","57","789"
"AIO 4 C .010","66","789"
"AIO 4 C .011","72","789"
"AIO 4 C .012","84","789"
"AIO 4 C .013","93","789"
"AIO 4 C .014","102","789"
"AIO 4 C .015","108","789"
"AIO 4 D","1","187"
"AIO 4 E","1","802"
"AIO 4 E .001","26","802"
"AIO 4 E .002","35","802"
"AIO 4 E .003","43","802"
"AIO 4 E .004","48","802"
"AIO 4 E .005","63","802"
"AIO 4 E .006","72","802"
"AIO 4 E .007","81","802"
"AIO 4 E .008","86","802"
"AIO 4 E .009","98","802"
"AIO 4 E .010","106","802"
"AIO 4 E .011","114","802"
"AIO 4 E .012","119","802"
"AIO 4 E .013","128","802"
"AIO 4 E .014","134","802"
"AIO 4 E .015","148","802"
"AIO 4 E .016","158","802"
"AIO 4 E .017","164","802"
"AIO 4 E .018","169","802"
"AIO 4 E .019","179","802"
"AIO 4 E .020","185","802"
"AIO 4 E .021","191","802"
"AIO 4 E .022","196","802"
"AIO 4 E .023","203","802"
"AIO 4 E .024","208","802"
"AIO 4 E .025","212","802"
"AIO 4 E .026","219","802"
"AIO 4 E .027","223","802"
"AIO 4 E .028","230","802"
"AIO 4 E .029","235","802"
"AIO 4 E .030","244","802"
"AIO 4 E .031","251","802"
"AIO 4 E .032","255","802"
"AIO 4 E .033","259","802"
"AIO 4 E .034","263","802"
"AIO 4 E .035","267","802"
"AIO 4 E .036","271","802"
"AIO 4 E .037","275","802"
"AIO 4 E .038","279","802"
"AIO 4 E .039","287","802"
"AIO 4 E .040","291","802"
"AIO 4 E .041","295","802"
"AIO 4 E .042","299","802"
"AIO 4 F","1","302"
"AIO 4 F .001","27","302"
"AIO 4 F .002","32","302"
"AIO 4 F .003","44","302"
"AIO 4 F .004","48","302"
"AIO 4 F .005","52","302"
"AIO 4 F .006","57","302"
"AIO 4 F .007","63","302"
"AIO 4 F .008","70","302"
"AIO 4 G","1","430"
"AIO 4 G .001","17","430"
"AIO 4 G .002","22","430"
"AIO 4 G .003","27","430"
"AIO 4 G .004","35","430"
"AIO 4 G .005","42","430"
"AIO 4 G .006","51","430"
"AIO 4 G .007","63","430"
"AIO 4 G .008","70","430"
"AIO 4 G .009","77","430"
"AIO 4 G .010","83","430"
"AIO 4 G .011","86","430"
"AIO 4 G .012","92","430"
"AIO 4 G .013","96","430"
"AIO 4 G .014","100","430"
"AIO 4 G .015","104","430"
"AIO 4 G .016","108","430"
"AIO 4 G .017","112","430"
"AIO 4 G .018","115","430"
"AIO 5","1","1010"
"AIO 5 .001","9","1010"
"AIO 5 .002","10","1010"
"AIO 5 .003","16","1010"
"AIO 5 .004","22","1010"
"AIO 5 .005","27","1010"
"AIO 5 .006","32","1010"
"AIO 5 .007","47","1010"
"AIO 5 .008","52","1010"
"AIO 5 .009","57","1010"
"AIO 5 .010","68","1010"
"AIO 5 .011","75","1010"
"AIO 5 .012","82","1010"
"AIO 5 .013","91","1010"
"AIO 5 .014","95","1010"
"AIO 5 .015","100","1010"
"AIO 5 .016","104","1010"
"AIO 5 .017","113","1010"
"AIO 5 .018","119","1010"
"AIO 5 .019","125","1010"
"AIO 5 .020","131","1010"
"AIO 5 .021","141","1010"
"AIO 5 .022","151","1010"
"AIO 5 .023","156","1010"
"AIO 5 .024","166","1010"
"AIO 5 .025","172","1010"
"AIO 5 .026","177","1010"
"AIO 5 .027","182","1010"
"AIO 5 .028","187","1010"
"AIO 5 .029","197","1010"
"AIO 5 .030","192","1010"
"AIO 5 .031","202","1010"
"AIO 5 .032","206","1010"
"AIO 6","1","391"
"AIO 6 .001","10","391"
"AIO 6 .002","11","391"
"AIO 6 .003","13","391"
"AIO 6 .004","23","391"
"AIO 6 .005","33","391"
"AIO 6 .006","39","391"
"AIO 6 .007","48","391"
"AIO 6 .008","62","391"
"AIO 6 .009","72","391"
"AIO 6 .010","82","391"
"AIO 6 .011","86","391"
"AIO 6 .012","97","391"
"AIO 6 .013","103","391"
"AIO 7","1","148"
"AIO 7 .001","8","148"
"AIO 7 .002","9","148"
"AIO 7 .003","18","148"
"AIO 7 .004","25","148"
"AIO 8","1","257"
"AIO 8 .001","8","257"
"AIO 8 .002","9","257"
"AIO 8 .003","11","257"
"AIO 8 .004","12","257"
"AIO 8 .005","18","257"
"AIO 9","1","1071"
"AIO 9 .001","9","1071"
"AIO 9 .002","10","1071"
"AIO 9 .003","14","1071"
"AIO 9 .004","16","1071"
"AIO 9 .005","18","1071"
"AIO 9 .006","20","1071"
"AIO 9 .007","21","1071"
"AIO 9 .008","40","1071"
"AIO 9 .009","54","1071"
"AIO 9 .010","64","1071"
"AIO 9 .011","68","1071"
"AIO 9 .012","72","1071"
"AIO 10","1","214"
"AIO 10 .001","22","214"
"AIO 10 .002","21","214"
"AIO 10 A","1","173"
"AIO 10 B","1","883"
"AIO 10 B .001","24","883"
"AIO 10 B .002","27","883"
"AIO 10 B .003","32","883"
"AIO 10 B .004","37","883"
"AIO 10 B .005","45","883"
"AIO 10 B .006","50","883"
"AIO 10 B .007","52","883"
"AIO 10 B .008","56","883"
"AIO 10 B .009","65","883"
"AIO 10 B .010","72","883"
"AIO 10 B .011","77","883"
"AIO 10 B .012","84","883"
"AIO 10 B .013","91","883"
"AIO 10 B .014","100","883"
"AIO 10 B .015","103","883"
"AIO 10 B .016","107","883"
"AIO 10 B .017","113","883"
"AIO 10 B .018","117","883"
"AIO 10 B .019","121","883"
"AIO 10 B .020","125","883"
"AIO 10 C","1","34"
"AIO 10 C .001","7","34"
"AIO 10 C .002","10","34"
"AIO 10 D","1","35"
"AIO 11","1","249"
"AIO 11 .001","8","249"
"AIO 11 .002","9","249"
"AIO 11 .003","10","249"
"AIO 11 .004","26","249"
"AIO 11 .005","31","249"
"AIO 12","1","235"
"AIO 12 .001","7","235"
"AIO 12 .002","12","235"
"AIO 12 .003","21","235"
"AIO 12 .004","32","235"
"AIO 12 .005","37","235"
"AIO 12 .006","43","235"
"AIO 13","1","48"
"AIO 13 .001","1","48"
"AIO 13 .002","6","48"
"AIO 13 A","1","68"
"AIO 13 A .001","7","68"
"AIO 14","1","87"
"AIO 14 .001","10","87"
"AIO 14 .002","9","87"
"AIO 14 A","1","332"
"AIO 14 A .001","26","332"
"AIO 14 A .002","34","332"
"AIO 14 A .003","45","332"
"AIO 14 A .004","56","332"
"AIO 14 A .005","61","332"
"AIO 15","1","148"
"AIO 16","1","480"
"AIO 16 .001","10","480"
"AIO 16 .002","12","480"
"AIO 16 .003","16","480"
"AIO 16 .004","20","480"
"AIO 16 .005","30","480"
"AIO 16 .006","36","480"
"AIO 16 .007","54","480"
"AIO 16 .008","87","480"
"AIO 16 .009","90","480"
"AIO 17","1","101"
"AIO 17 A","1","23"
"AIO 18","1","243"
"AIO 18 A","1","103"
"AIO 18 A .001","7","103"
"AIO 18 B","1","255"
"AIO 18 B .002","18","255"
"AIO 18 B .003","23","255"
"AIO 18 B .005","36","255"
"AIO 18 B .006","43","255"
"AIO 18 B .007","47","255"
"AIO 18 C","1","364"
"AIO 18 C .001","19","364"
"AIO 18 C .002","29","364"
"AIO 18 C .003","43","364"
"AIO 18 C .004","48","364"
"AIO 18 C .005","53","364"
"AIO 18 C .006","63","364"
"AIO 18 C .007","68","364"
"AIO 18 C .008","79","364"
"AIO 18 C .009","88","364"
"AIO 18 C .010","99","364"
"AIO 18 C .011","122","364"
"AIO 18 C .012","129","364"
"AIO 18 C .013","136","364"
"AIO 18 D","1","278"
"AIO 18 D .001","42","278"
"AIO 18 D .002","61","278"
"AIO 18 D .003","67","278"
"AIO 18 D .004","71","278"
"AIO 18 D .005","75","278"
"AIO 18 D .006","85","278"
"AIO 18 E","1","172"
"AIO 18 E .001","23","172"
"AIO 18 E .002","27","172"
"AIO 18 E .003","42","172"
"AIO 18 E .004","46","172"
"AIO 18 E .005","50","172"
"AIO 18 E .006","53","172"
"AIO 18 E .007","56","172"
"AIO 18 E .008","61","172"
"AIO 19","1","265"
"AIO 20","1","284"
"AIO 20 .001","30","284"
"AIO 20 .002","35","284"
"AIO 20 .003","47","284"
"AIO 21","1","373"
"AIO 21 .001","15","373"
"AIO 21 A","1","654"
"AIO 21 A .001","26","654"
"AIO 21 A .002","37","654"
"AIO 21 A .003","43","654"
"AIO 21 A .004","49","654"
"AIO 21 A .005","55","654"
"AIO 21 A .006","60","654"
"AIO 21 A .007","65","654"
"AIO 21 B","1","251"
"AIO 21 B .001","13","251"
"AIO 21 B .002","21","251"
"AIO 21 C","1","151"
"AIO 21 C .001","12","151"
"AIO 21 C .002","20","151"
"AIO 22","1","339"
"AIO 22 A","1","115"
"AIO 22 B","1","54"
"AIO 22 B .001","12","54"
"AIO 22 B .002","17","54"
"AIO 22 C","1","147"
"AIO 22 C .001","12","147"
"AIO 22 C .002","20","147"
"AIO 22 C .003","34","147"
"AIO 22 D","1","72"
"AIO 22 D .001","10","72"
"AIO 22 D .002","14","72"
"AIO 22 D .003","22","72"
"AIO 22 E","1","57"
"AIO 22 E .001","11","57"
"AIO 22 E .002","21","57"
"AIO 22 F","1","90"
"AIO 22 F .001","10","90"
"AIO 22 F .002","16","90"
"AIO 22 F .003","19","90"
"AIO 22 F .004","1","90"
"AIO 23","1","356"
"AIO 23 .001","21","356"
"AIO 23 .002","37","356"
"AIO 23 .003","49","356"
"AIO 23 .004","54","356"
"AIO 23 .005","57","356"
"AIO 24","1","300"
"AIO 24 .001","17","300"
"AIO 24 .002","22","300"
"AIO 24 .003","26","300"
"AIO 24 .004","31","300"
"AIO 24 A","1","111"
"AIO 24 A .001","17","111"
"AIO 24 A .002","22","111"
"AIO 24 B","1","190"
"AIO 24 B .001","10","190"
"AIO 24 B .002","17","190"
"AIO 24 B .003","26","190"
"AIO 24 B .004","37","190"
"AIO 24 B .005","50","190"
"AIO 24 B .006","71","190"
"AIO 24 B .007","77","190"
"AIO 24 C","1","51"
"AIO 24 C .001","9","51"
"AIO 24 C .002","11","51"
"AIO 24 C .003","14","51"
"AIO 25","1","306"
"AIO 25 .001","17","306"
"AIO 25 .002","18","306"
"AIO 25 .003","19","306"
"AIO 25 A","1","381"
"AIO 25 A .001","16","381"
"AIO 25 A .002","21","381"
"AIO 25 A .003","24","381"
"AIO 25 A .004","27","381"
"AIO 25 A .005","30","381"
"AIO 25 A .006","33","381"
"AIO 25 A .007","36","381"
"AIO 25 A .008","40","381"
"AIO 25 A .009","42","381"
"AIO 25 A .010","44","381"
"AIO 25 A .011","48","381"
"AIO 25 A .012","59","381"
"AIO 25 A .013","62","381"
"AIO 25 A .014","65","381"
"AIO 25 A .015","68","381"
"AIO 25 A .016","71","381"
"AIO 25 A .017","77","381"
"AIO 25 A .018","87","381"
"AIO 25 A .019","91","381"
"AIO 25 A .020","95","381"
"AIO 25 A .021","98","381"
"AIO 25 A .022","103","381"
"AIO 25 A .023","108","381"
"AIO 25 A .024","111","381"
"AIO 25 A .025","114","381"
"AIO 25 A .026","117","381"
"AIO 25 A .027","120","381"
"AIO 25 A .028","123","381"
"AIO 25 A .029","126","381"
"AIO 25 A .030","300","381"
"AIO 26","1","193"
"AIO 26 .001","16","193"
"AIO 26 A","1","93"
"AIO 26 A .001","15","93"
"AIO 26 A .002","20","93"
"AIO 26 B","1","244"
"AIO 26 B .001","33","244"
"AIO 26 B .002","44","244"
"AIO 26 B .003","50","244"
"AIO 26 B .004","53","244"
"AIO 26 B .005","56","244"
"AIO 26 B .006","62","244"
"AIO 26 B .007","67","244"
"AIO 26 B .008","77","244"
"AIO 26 C","1","24"
"AIO 27","1","106"
"AIO 27 .001","12","106"
"AIO 28","1","318"
"AIO 28 .001","14","318"
"AIO 28 .002","19","318"
"AIO 28 .003","24","318"
"AIO 28 .004","46","318"
"AIO 28 .005","51","318"
"AIO 28 .006","65","318"
"AIO 28 .007","77","318"
"AIO 28 .008","86","318"
"AIO 28 .009","95","318"
"AIO 28 .010","99","318"
"AIO 28 .011","104","318"
"AIO 29","1","71"
"AIO 30","1","520"
"AIO 30 .001","16","520"
"AIO 30 .002","21","520"
"AIO 30 .003","25","520"
"AIO 30 .004","30","520"
"AIO 30 .005","50","520"
"AIO 30 .006","61","520"
"AIO 30 .007","76","520"
"AIO 30 .008","81","520"
"AIO 30 .009","106","520"
"AIO 30 .010","113","520"
"AIO 30 .011","122","520"
"AIO 31","1","312"
"AIO 31 .001","20","312"
"AIO 31 A","1","17"
"AIO 32","1","281"
"AIO 32 .001","12","281"
"AIO 33","1","217"
"AIO 33 .001","14","217"
"AIO 33 .002","19","217"
"AIO 33 .003","24","217"
"AIO 33 .004","28","217"
"AIO 33 .005","33","217"
"AIO 34","1","792"
"AIO 34 .001","16","792"
"AIO 34 .002","21","792"
"AIO 34 .003","26","792"
"AIO 34 .004","30","792"
"AIO 34 .005","35","792"
"AIO 34 .006","40","792"
"AIO 34 .007","50","792"
"AIO 34 .008","57","792"
"AIO 34 .009","62","792"
"AIO 34 .010","69","792"
"AIO 34 .011","74","792"
"AIO 35","1","281"
"AIO 35 .001","15","281"
"AIO 35 .002","24","281"
"AIO 35 .003","29","281"
"AIO 35 .004","38","281"
"AIO 35 A","1","65"
"AIO 35 A .001","10","65"
"AIO 35 A .002","15","65"
"AIO 36","1","592"
"AIO 36 .001","21","592"
"AIO 36 .002","33","592"
"AIO 36 .003","37","592"
"AIO 36 .004","40","592"
"AIO 36 .005","48","592"
"AIO 36 .006","55","592"
"AIO 36 .007","62","592"
"AIO 36 .008","68","592"
"AIO 36 .009","75","592"
"AIO 36 .010","80","592"
"AIO 36 .011","83","592"
"AIO 37","1","357"
"AIO 37 A","1","40"
"AIO 38","1","151"
"AIO 39","1","244"
"AIO 39 A","1","47"
"AIO 39 A .001","10","47"
"AIO 40","1","231"
"AIO 40 .001","47","231"
"AIO 40 .002","50","231"
"AIO 40 .003","55","231"
"AIO 40 .004","63","231"
"AIO 40 .005","68","231"
"AIO 41","1","124"
"AIO 41 .001","27","124"
"AIO 41 .002","31","124"
"AIO 42","1","237"
"AIO 43","1","189"
"AIO 43 .001","31","189"
"AIO 43 .002","35","189"
"AIO 43 .003","40","189"
"AIO 44","1","140"
"AIO 45","1","133"
"CO 1","1","2"
"CO 1 A","1","1"
"CO 1 B","1","1"
"CO 2","1","6"
"CO 3","1","1"
"CO 4","1","15"
"CO 5","1","27"
"CO 6","1","13"
"CO 7","1","16"
"CO 8","1","17"
"CO 9","1","26"
"CO 10","1","14"
"CO 11","1","12"
"CO 12","1","10"
"CO 13","1","7"
"CO 14","1","6"
"CO 15","1","4"
"CO 16","1","12"
"CO 17","1","8"
"CO 18","1","9"
"CO 19","1","7"
"CO 20","1","9"
"CO 21","1","11"
"CO 22","1","8"
"CO 23","1","4"
"CO 24","1","8"
"CO 25","1","8"
"CO 26","1","120"
"CO 27","1","6"
"CO 28","1","13"
"CO 29","1","6"
"CO 30","1","16"
"CO 31","1","150"
"CO 32","1","263"
"CO 33","1","7"
"CO 34","1","6"
"CO 35","1","12"
"CO 36","1","10"
"CO 37","1","10"
"CO 38","1","7"
"CO 39","1","18"
"CO 40","1","87"
"CO 41","1","51"
"CO 42","1","7"
"CO 43","1","7"
"CO 44","1","357"
"CO 44 .001","11","357"
"CO 44 .002","12","357"
"CO 44 .003","13","357"
"CO 44 .004","14","357"
"CO 44 .005","15","357"
"CO 44 .006","16","357"
"CO 44 .007","17","357"
"CO 44 .008","18","357"
"CO 44 .009","19","357"
"CO 44 .010","20","357"
"CO 44 .011","21","357"
"CO 44 .012","22","357"
"CO 44 .013","23","357"
"CO 44 .014","24","357"
"CO 44 .015","25","357"
"CO 44 .016","26","357"
"CO 44 .017","27","357"
"CO 44 .018","28","357"
"CO 44 .019","29","357"
"CO 44 .020","30","357"
"CO 44 .021","31","357"
"CO 44 .022","32","357"
"CO 44 .023","33","357"
"CO 44 .024","34","357"
"CO 44 .025","35","357"
"CO 44 .026","36","357"
"CO 44 .027","37","357"
"CO 44 .028","38","357"
"CO 44 .029","39","357"
"CO 44 .030","40","357"
"CO 44 .031","41","357"
"CO 44 .032","42","357"
"CO 44 .033","43","357"
"CO 44 .034","44","357"
"CO 44 .035","45","357"
"CO 44 .036","46","357"
"CO 44 .037","47","357"
"CO 44 .038","48","357"
"CO 44 .039","49","357"
"CO 44 .040","50","357"
"CO 44 .041","51","357"
"CO 44 .042","52","357"
"CO 44 .043","53","357"
"CO 44 .044","54","357"
"CO 44 .045","55","357"
"CO 44 .046","56","357"
"CO 44 .047","57","357"
"CO 44 .048","59","357"
"CO 44 .049","60","357"
"CO 44 .050","61","357"
"CO 44 .051","62","357"
"CO 44 .052","63","357"
"CO 44 .053","64","357"
"CO 44 .054","65","357"
"CO 44 .055","66","357"
"CO 44 .056","67","357"
"CO 44 .057","68","357"
"CO 44 .058","69","357"
"CO 44 .059","70","357"
"CO 44 .060","71","357"
"CO 44 .061","72","357"
"CO 44 .062","73","357"
"CO 44 .063","74","357"
"CO 44 .064","75","357"
"CO 44 .065","76","357"
"CO 44 .066","78","357"
"CO 44 .067","79","357"
"CO 44 .068","80","357"
"CO 44 .069","81","357"
"CO 44 .070","82","357"
"CO 44 .071","83","357"
"CO 44 .072","84","357"
"CO 44 .073","85","357"
"CO 44 .074","87","357"
"CO 44 .075","92","357"
"CO 44 A","1","111"
"CO 45","1","8"
"CO 46","1","7"
"CO 47","1","10"
"CO 48","1","10"
"CO 49","1","6"
"CO 50","1","6"
"CO 51","1","20"
"CO 52","1","15"
"CO 53","1","19"
"CO 54","1","6"
"CO 55","1","10"
"CO 56","1","114"
"CO 57","1","163"
"CO 58","1","10"
"CO 59","1","116"
"CO 60","1","119"
"CO 61","1","316"
"CO 62","1","49"
"CO 63","1","9"
"CO 64","1","8"
"CO 65","1","8"
"CO 66","1","17"
"CO 67","1","6"
"CO 68","1","7"
"CO 68 A","1","82"
"CO 69","1","73"
"CO 70","1","44"
"CO 71","1","86"
"CO 72","1","12"
"CO 73","1","10"
"CO 74","1","7"
"CO 75","1","16"
"CO 76","1","211"
"CO 76 .001","7","211"
"CO 76 .002","9","211"
"CO 76 .003","10","211"
"CO 76 .004","11","211"
"CO 76 .005","12","211"
"CO 76 .006","13","211"
"CO 76 .007","14","211"
"CO 76 .008","15","211"
"CO 76 .009","16","211"
"CO 76 .010","17","211"
"CO 76 .011","18","211"
"CO 76 .012","19","211"
"CO 76 .013","20","211"
"CO 76 .014","21","211"
"CO 76 .015","22","211"
"CO 76 .016","24","211"
"CO 76 .017","25","211"
"CO 76 .018","26","211"
"CO 76 .019","27","211"
"CO 76 .020","28","211"
"CO 76 .021","29","211"
"CO 76 .022","30","211"
"CO 76 .023","31","211"
"CO 76 .024","32","211"
"CO 76 .025","33","211"
"CO 76 .026","34","211"
"CO 76 .027","35","211"
"CO 76 .028","36","211"
"CO 76 .029","37","211"
"CO 76 .030","38","211"
"CO 76 .031","1","211"
"CO 76 .032","39","211"
"CO 76 .033","40","211"
"CO 76 .034","45","211"
"CO 76 .035","53","211"
"CO 76 A","1","140"
"CO 76 B","1","96"
"CO 77","1","11"
"CO 78","1","32"
"CO 79","1","10"
"CO 80","1","420"
"CO 80 .001","124","420"
"CO 80 .002","123","420"
"CO 80 .003","122","420"
"CO 80 .004","121","420"
"CO 80 .005","120","420"
"CO 80 .006","119","420"
"CO 80 .007","118","420"
"CO 80 .008","117","420"
"CO 80 .009","116","420"
"CO 80 .010","115","420"
"CO 80 .011","114","420"
"CO 80 .012","113","420"
"CO 80 .013","112","420"
"CO 80 .014","111","420"
"CO 80 .015","109","420"
"CO 80 .016","108","420"
"CO 80 .017","109","420"
"CO 80 .018","108","420"
"CO 80 .019","107","420"
"CO 80 .020","106","420"
"CO 80 .021","105","420"
"CO 80 .022","104","420"
"CO 80 .023","103","420"
"CO 80 .024","102","420"
"CO 80 .025","101","420"
"CO 80 .026","100","420"
"CO 80 .027","98","420"
"CO 80 .028","97","420"
"CO 80 .029","96","420"
"CO 80 .030","95","420"
"CO 80 .031","94","420"
"CO 80 .032","93","420"
"CO 80 .033","92","420"
"CO 80 .034","91","420"
"CO 80 .035","90","420"
"CO 80 .036","89","420"
"CO 80 .037","88","420"
"CO 80 .038","87","420"
"CO 80 .039","86","420"
"CO 80 .040","85","420"
"CO 80 .041","84","420"
"CO 80 .042","83","420"
"CO 80 .043","82","420"
"CO 80 .044","81","420"
"CO 80 .045","80","420"
"CO 80 .046","79","420"
"CO 80 .047","78","420"
"CO 80 .048","77","420"
"CO 80 .049","76","420"
"CO 80 .050","75","420"
"CO 80 .051","74","420"
"CO 80 .052","73","420"
"CO 80 .053","72","420"
"CO 80 .054","71","420"
"CO 80 .055","70","420"
"CO 80 .056","69","420"
"CO 80 .057","68","420"
"CO 80 .058","67","420"
"CO 80 .059","66","420"
"CO 80 .060","65","420"
"CO 80 .061","64","420"
"CO 80 .062","63","420"
"CO 80 .063","62","420"
"CO 80 .064","61","420"
"CO 80 .065","60","420"
"CO 80 .066","59","420"
"CO 80 .067","58","420"
"CO 80 .068","57","420"
"CO 80 .069","56","420"
"CO 80 .070","55","420"
"CO 80 .071","54","420"
"CO 80 .072","53","420"
"CO 80 .073","52","420"
"CO 80 .074","51","420"
"CO 80 .075","50","420"
"CO 80 .076","49","420"
"CO 80 .077","48","420"
"CO 80 .078","47","420"
"CO 80 .079","46","420"
"CO 80 .080","45","420"
"CO 80 .081","44","420"
"CO 80 .082","43","420"
"CO 80 .083","42","420"
"CO 80 .084","41","420"
"CO 80 .085","40","420"
"CO 80 .086","39","420"
"CO 80 .087","31","420"
"CO 80 .088","22","420"
"CO 80 .089","18","420"
"CO 80 .090","13","420"
"CO 80 .091","8","420"
"CO 80 A","1","39"
"CO 81","1","40"
"CO 82","1","40"
"CO 83 A","1","298"
"CO 83 A .001","9","298"
"CO 83 B","1","281"
"CO 83 B .001","1","281"
"CO 83 C","1","279"
"CO 84","1","21"
"CO 85","1","7"
"CO 86","1","7"
"CO 87","1","7"
"CO 88","1","46"
"CO 89","1","18"
"CO 90","1","4"
"CO 91","1","95"
"CO 91 .001","9","95"
"CO 91 .002","8","95"
"CO 91 .003","7","95"
"CO 91 .004","6","95"
"CO 91 A","1","67"
"CO 91 B","1","16"
"CO 91 C","1","29"
"CO 91 D","1","170"
"CO 91 E","1","24"
"CO 92","1","15"
"CO 93","1","143"
"CO 93 .001","12","143"
"CO 93 .002","11","143"
"CO 93 .003","10","143"
"CO 93 .004","9","143"
"CO 93 .005","8","143"
"CO 93 .006","7","143"
"CO 93 A","1","12"
"CO 93 B","1","50"
"CO 94","1","8"
"CO 95","1","222"
"CO 95 .001","23","222"
"CO 95 .003","22","222"
"CO 95 .004","21","222"
"CO 95 .005","20","222"
"CO 95 .006","19","222"
"CO 95 .007","18","222"
"CO 95 .008","17","222"
"CO 95 .009","16","222"
"CO 95 .010","15","222"
"CO 95 .011","14","222"
"CO 95 .012","13","222"
"CO 95 .013","12","222"
"CO 95 .014","11","222"
"CO 95 .015","10","222"
"CO 95 .016","9","222"
"CO 95 .017","8","222"
"CO 95 .018","7","222"
"CO 95 .019","6","222"
"CO 95 .020","5","222"
"CO 95 A","1","34"
"CO 96","1","8"
"CO 97","1","4"
"CO 98","1","1"
"CO 98 A","1","199"
"CO 98 B","1","305"
"CO 98 B .001","17","305"
"CO 98 B .002","16","305"
"CO 98 B .003","15","305"
"CO 98 B .004","14","305"
"CO 98 B .005","13","305"
"CO 98 B .006","11","305"
"CO 98 B .007","10","305"
"CO 98 B .008","9","305"
"CO 99","1","12"
"CO 100","1","291"
"CO 101","1","14"
"CO 102","1","144"
"CO 102 A","1","155"
"CO 102 B","1","142"
"CO 102 B .001","6","142"
"CO 102 B .002","5","142"
"CO 102 C","1","225"
"CO 102 D","1","52"
"CO 102 E","1","90"
"CO 102 E .001","14","90"
"CO 102 E .002","13","90"
"CO 102 E .003","12","90"
"CO 102 E .004","11","90"
"CO 102 E .005","10","90"
"CO 102 E .006","9","90"
"CO 102 E .007","8","90"
"CO 102 E .008","7","90"
"CO 102 E .009","6","90"
"CO 103","1","145"
"CO 103 A","1","77"
"CO 103 A .001","5","77"
"CO 104","1","168"
"CO 104 A","1","52"
"CO 104 A .001","5","52"
"CO 105","1","464"
"CO 105 A","1","66"
"CO 105 A .001","2","66"
"CO 105 B","1","67"
"CO 105 C","1","95"
"CO 105 C .001","22","95"
"CO 105 C .002","21","95"
"CO 105 C .003","20","95"
"CO 105 C .004","19","95"
"CO 105 C .005","18","95"
"CO 105 C .006","17","95"
"CO 105 C .007","15","95"
"CO 105 C .008","14","95"
"CO 105 C .009","13","95"
"CO 105 C .010","12","95"
"CO 105 C .011","11","95"
"CO 105 C .012","10","95"
"CO 105 C .013","9","95"
"CO 105 C .014","8","95"
"CO 105 C .015","7","95"
"CO 106","1","15"
"CO 107","1","48"
"CO 108","1","132"
"CO 108 .001","4","132"
"CO 109","1","19"
"CO 110","1","28"
"CO 111","1","13"
"CO 112","1","14"
"CO 113","1","16"
"CO 114","1","194"
"CO 114 .001","13","194"
"CO 114 .002","12","194"
"CO 114 .003","11","194"
"CO 114 .004","10","194"
"CO 114 .005","9","194"
"CO 115","1","66"
"CO 116","1","38"
"CO 117","1","52"
"CO 117 A","1","17"
"CO 118","1","52"
"CO 118 .001","5","52"
"CO 119","1","96"
"CO 119 .001","10","96"
"CO 119 .002","9","96"
"CO 119 .003","8","96"
"CO 119 .004","7","96"
"CO 119 .005","5","96"
"CO 120","1","160"
"CO 120 .001","46","160"
"CO 120 .002","45","160"
"CO 120 .003","44","160"
"CO 120 .004","43","160"
"CO 120 .005","42","160"
"CO 120 .006","41","160"
"CO 120 .007","40","160"
"CO 120 .008","39","160"
"CO 120 .009","38","160"
"CO 120 .010","37","160"
"CO 120 .011","36","160"
"CO 120 .012","35","160"
"CO 120 .013","34","160"
"CO 120 .014","33","160"
"CO 120 .015","32","160"
"CO 120 .016","31","160"
"CO 120 .017","30","160"
"CO 120 .018","29","160"
"CO 120 .019","28","160"
"CO 120 .020","27","160"
"CO 120 .021","26","160"
"CO 120 .022","25","160"
"CO 120 .023","24","160"
"CO 120 .024","23","160"
"CO 120 .025","22","160"
"CO 120 .026","21","160"
"CO 120 .027","20","160"
"CO 120 .028","19","160"
"CO 120 .029","18","160"
"CO 120 .030","16","160"
"CO 120 .031","15","160"
"CO 120 .032","14","160"
"CO 120 .033","13","160"
"CO 120 .034","12","160"
"CO 120 .035","11","160"
"CO 120 .036","10","160"
"CO 120 .037","9","160"
"CO 120 .038","8","160"
"CO 120 .039","7","160"
"CO 120 .040","6","160"
"CO 120 .041","5","160"
"CO 121","1","19"
"CO 122","1","7"
"CO 123","1","99"
"CO 123 .001","18","99"
"CO 123 .002","17","99"
"CO 123 .003","16","99"
"CO 123 .004","15","99"
"CO 123 .005","14","99"
"CO 123 .007","11","99"
"CO 123 A","1","50"
"CO 123 A .001","7","50"
"CO 123 A .002","8","50"
"CO 123 A .003","14","50"
"CO 123 B","1","46"
"CO 123 DUPLICATE ORDER IDENTIFIER #1 .006","0","0"
"CO 123 DUPLICATE ORDER IDENTIFIER #2 .006","0","0"
"CO 124","1","23"
"CO 125","1","13"
"CO 126","1","2"
"CO 127","1","11"
"CO 128","1","18"
"CO 129","1","9"
"CO 130","1","109"
"CO 131","1","10"
"CO 132","1","10"
"CO 133","1","9"
"CO 134","1","15"
"CO 135","1","10"
"CO 136","1","6"
"CO 137","1","344"
"CO 138","1","7"
"CO 139","1","10"
"CO 140","1","9"
"CO 141","1","19"
"CO 141 .001","5","19"
"CO 142","1","12"
"CO 143","1","6"
"CO 144","1","17"
"CO 145","1","1642"
"CO 145 .002","15","1642"
"CO 145 .003","9","1642"
"CO 145 .004","14","1642"
"CO 145 A","1","562"
"CO 145 A .001","141","562"
"CO 145 A .003","140","562"
"CO 145 A .004","139","562"
"CO 145 A .005","138","562"
"CO 145 A .006","137","562"
"CO 145 A .007","136","562"
"CO 145 A .008","135","562"
"CO 145 A .009","134","562"
"CO 145 A .010","133","562"
"CO 145 A .011","132","562"
"CO 145 A .012","131","562"
"CO 145 A .013","130","562"
"CO 145 A .014","129","562"
"CO 145 A .015","128","562"
"CO 145 A .016","127","562"
"CO 145 A .017","126","562"
"CO 145 A .018","125","562"
"CO 145 A .019","124","562"
"CO 145 A .020","123","562"
"CO 145 A .021","122","562"
"CO 145 A .022","120","562"
"CO 145 A .023","119","562"
"CO 145 A .024","118","562"
"CO 145 A .025","117","562"
"CO 145 A .026","115","562"
"CO 145 A .027","114","562"
"CO 145 A .028","113","562"
"CO 145 A .029","112","562"
"CO 145 A .030","111","562"
"CO 145 A .031","110","562"
"CO 145 A .032","109","562"
"CO 145 A .033","108","562"
"CO 145 A .034","107","562"
"CO 145 A .035","106","562"
"CO 145 A .036","105","562"
"CO 145 A .037","104","562"
"CO 145 A .038","103","562"
"CO 145 A .039","102","562"
"CO 145 A .040","101","562"
"CO 145 A .041","100","562"
"CO 145 A .042","99","562"
"CO 145 A .043","98","562"
"CO 145 A .044","97","562"
"CO 145 A .045","96","562"
"CO 145 A .046","95","562"
"CO 145 A .047","94","562"
"CO 145 A .048","93","562"
"CO 145 A .049","92","562"
"CO 145 A .050","91","562"
"CO 145 A .051","90","562"
"CO 145 A .052","89","562"
"CO 145 A .053","88","562"
"CO 145 A .054","87","562"
"CO 145 A .055","86","562"
"CO 145 A .056","85","562"
"CO 145 A .057","84","562"
"CO 145 A .058","83","562"
"CO 145 A .059","82","562"
"CO 145 A .060","81","562"
"CO 145 A .061","79","562"
"CO 145 A .062","78","562"
"CO 145 A .063","77","562"
"CO 145 A .064","76","562"
"CO 145 A .065","75","562"
"CO 145 A .066","74","562"
"CO 145 A .067","73","562"
"CO 145 A .068","72","562"
"CO 145 A .069","71","562"
"CO 145 A .070","70","562"
"CO 145 A .071","69","562"
"CO 145 A .072","68","562"
"CO 145 A .073","67","562"
"CO 145 A .074","66","562"
"CO 145 A .075","65","562"
"CO 145 A .076","64","562"
"CO 145 A .077","62","562"
"CO 145 A .078","61","562"
"CO 145 A .079","60","562"
"CO 145 A .080","59","562"
"CO 145 A .081","58","562"
"CO 145 A .082","57","562"
"CO 145 A .083","56","562"
"CO 145 A .084","54","562"
"CO 145 A .085","52","562"
"CO 145 A .086","50","562"
"CO 145 A .087","48","562"
"CO 145 A .088","47","562"
"CO 145 A .089","46","562"
"CO 145 A .090","45","562"
"CO 145 A .091","44","562"
"CO 145 A .092","43","562"
"CO 145 A .093","42","562"
"CO 145 A .094","41","562"
"CO 145 A .095","40","562"
"CO 145 A .096","39","562"
"CO 145 A .097","38","562"
"CO 145 A .098","37","562"
"CO 145 A .099","36","562"
"CO 145 A .100","35","562"
"CO 145 A .101","34","562"
"CO 145 A .102","33","562"
"CO 145 A .103","32","562"
"CO 145 A .104","31","562"
"CO 145 A .105","30","562"
"CO 145 A .106","29","562"
"CO 145 A .107","28","562"
"CO 145 A .108","27","562"
"CO 145 A .109","26","562"
"CO 145 A .110","25","562"
"CO 145 A .111","24","562"
"CO 145 A .112","22","562"
"CO 145 A .113","21","562"
"CO 145 A .114","20","562"
"CO 145 A .115","19","562"
"CO 145 A .116","18","562"
"CO 145 A .117","17","562"
"CO 145 A .118","16","562"
"CO 145 A .119","15","562"
"CO 145 A .120","14","562"
"CO 145 A .121","13","562"
"CO 145 A .122","12","562"
"CO 145 A .123","11","562"
"CO 145 A .124","10","562"
"CO 145 A .125","9","562"
"CO 145 A .126","8","562"
"CO 145 A .127","7","562"
"CO 145 A .128","6","562"
"CO 145 B","1","9"
"CO 146","1","8"
"CO 147","1","34"
"CO 148","1","8"
"CO 149","1","1414"
"CO 150","1","1284"
"CO 151","1","14"
"CO 152","1","7"
"CO 153","1","2"
"CO 154","1","7"
"CO 155","1","8"
"CO 156","1","9"
"CO 157","1","12"
"CO 158","1","2"
"CO 159","1","34"
"CO 160","1","8"
"CO 161","1","18"
"CO 162","1","34"
"CO 163","1","11"
"CO 164","1","8"
"CO 165","1","606"
"CO 165 .001","19","606"
"CO 165 .002","18","606"
"CO 165 .003","17","606"
"CO 165 .004","16","606"
"CO 165 .005","15","606"
"CO 165 .006","14","606"
"CO 165 .007","13","606"
"CO 165 .008","12","606"
"CO 165 .009","11","606"
"CO 165 .010","10","606"
"CO 165 .011","9","606"
"CO 165 .012","8","606"
"CO 165 .013","6","606"
"CO 165 DUPLICATE ORDER IDENTIFIER #1 .012","0","0"
"CO 165 DUPLICATE ORDER IDENTIFIER #2 .012","0","0"
"CO 166","1","9"
"CO 167","1","8"
"CO 168","1","7"
"CO 169","1","5"
"CO 170","1","8"
"CO 171","1","4"
"CO 172","1","2"
"CO 173","1","532"
"CO 173 .001","55","532"
"CO 173 .002","23","532"
"CO 173 .003","21","532"
"CO 173 .004","19","532"
"CO 173 .005","18","532"
"CO 173 .006","17","532"
"CO 173 .007","16","532"
"CO 173 .008","15","532"
"CO 173 .009","14","532"
"CO 173 .010","12","532"
"CO 173 .011","11","532"
"CO 174","1","9"
"CO 175","1","58"
"CO 176","1","9"
"CO 177","1","9"
"CO 178","1","5"
"CO 179","1","119"
"CO 180","1","9"
"CO 181","1","7"
"CO 182","1","8"
"CO 183","1","5"
"CO 184","1","5"
"CO 185","1","6"
"CO 186","1","395"
"CO 187","1","118"
"CO 187 .001","7","118"
"CO 187 .002","10","118"
"CO 188","1","15"
"CO 189","1","8"
"CO 190","1","60"
"CO 190 .001","5","60"
"CO 190 .002","6","60"
"CO 190 .003","7","60"
"CO 190 .004","8","60"
"CO 190 .005","9","60"
"CO 190 .006","10","60"
"CO 190 .007","11","60"
"CO 190 .008","12","60"
"CO 190 .009","13","60"
"CO 190 .010","14","60"
"CO 190 .011","15","60"
"CO 190 .012","16","60"
"CO 190 .013","17","60"
"CO 190 .014","18","60"
"CO 190 .015","19","60"
"CO 190 .016","20","60"
"CO 191","1","45"
"CO 191 .001","16","45"
"CO 191 .002","14","45"
"CO 191 .003","12","45"
"CO 191 .004","10","45"
"CO 191 .005","9","45"
"CO 191 .006","8","45"
"CO 192","1","22"
"CO 192 .001","15","22"
"CO 192 .002","14","22"
"CO 192 .003","12","22"
"CO 192 .004","11","22"
"CO 192 .005","9","22"
"CO 192 .006","8","22"
"CO 192 .007","7","22"
"CO 192 .008","6","22"
"CO 192 .009","5","22"
"CO 193","1","8"
"CO 194","1","25"
"CO 195","1","722"
"CO 195 .001","5","722"
"CO 195 .002","9","722"
"CO 195 .003","10","722"
"CO 195 .004","16","722"
"CO 196","1","23"
"CO 196 .001","5","23"
"CO 196 .002","4","23"
"CO 197","1","10"
"CO 198","1","326"
"CO 198 .001","10","326"
"CO 198 .002","9","326"
"CO 198 .003","8","326"
"CO 198 .004","7","326"
"CO 198 .005","6","326"
"CO 198 A","1","199"
"CO 198 B","1","73"
"CO 198 B .001","6","73"
"CO 198 B .002","5","73"
"CO 199","1","11"
"CO 200","1","6"
"CO 201","1","9"
"CO 202","1","250"
"CO 202 .001","58","250"
"CO 202 .002","57","250"
"CO 202 .003","56","250"
"CO 202 .004","55","250"
"CO 202 .005","54","250"
"CO 202 .006","53","250"
"CO 202 .007","52","250"
"CO 202 .008","51","250"
"CO 202 .009","50","250"
"CO 202 .010","49","250"
"CO 202 .011","48","250"
"CO 202 .012","47","250"
"CO 202 .013","46","250"
"CO 202 .014","45","250"
"CO 202 .015","44","250"
"CO 202 .016","43","250"
"CO 202 .017","42","250"
"CO 202 .018","41","250"
"CO 202 .019","40","250"
"CO 202 .020","39","250"
"CO 202 .021","38","250"
"CO 202 .022","37","250"
"CO 202 .023","36","250"
"CO 202 .024","35","250"
"CO 202 .025","34","250"
"CO 202 .026","33","250"
"CO 202 .027","32","250"
"CO 202 .028","31","250"
"CO 202 .029","30","250"
"CO 202 .030","29","250"
"CO 202 .031","28","250"
"CO 202 .032","27","250"
"CO 202 .033","26","250"
"CO 202 .034","25","250"
"CO 202 .035","24","250"
"CO 202 .036","23","250"
"CO 202 .037","22","250"
"CO 202 .038","20","250"
"CO 202 .039","19","250"
"CO 202 .040","18","250"
"CO 202 .041","17","250"
"CO 202 .042","16","250"
"CO 202 .043","14","250"
"CO 203","1","11"
"CO 204","1","5"
"CO 205","1","41"
"CO 205 .001","39","41"
"CO 206","1","11"
"CO 206 A","1","18"
"CO 207","1","327"
"CO 207 .001","30","327"
"CO 207 .002","29","327"
"CO 207 .003","28","327"
"CO 207 .004","27","327"
"CO 207 .005","26","327"
"CO 207 .006","25","327"
"CO 207 .007","24","327"
"CO 207 .008","23","327"
"CO 207 .009","22","327"
"CO 207 .010","21","327"
"CO 207 .011","19","327"
"CO 207 .012","19","327"
"CO 207 .013","17","327"
"CO 207 .014","16","327"
"CO 207 .015","15","327"
"CO 207 .016","14","327"
"CO 207 .017","12","327"
"CO 207 A","1","109"
"CO 207 A .001","12","109"
"CO 207 A .002","21","109"
"CO 207 B","1","79"
"CO 207 B .001","27","79"
"CO 207 B .002","21","79"
"CO 207 C","1","52"
"CO 207 C .001","12","52"
"CO 207 C .002","16","52"
"CO 207 C .003","20","52"
"CO 207 D","1","67"
"CO 207 D .001","12","67"
"CO 207 D .002","25","67"
"CO 207 E","1","23"
"CO 208","1","29"
"CO 208 .001","5","29"
"CO 209","1","9"
"CO 210","1","12"
"CO 211","1","13"
"CO 212","1","2"
"CO 213","1","75"
"CO 213 .001","43","75"
"CO 213 .002","42","75"
"CO 213 .003","41","75"
"CO 213 .004","40","75"
"CO 213 .005","39","75"
"CO 213 .006","38","75"
"CO 213 .007","37","75"
"CO 213 .008","36","75"
"CO 213 .009","35","75"
"CO 213 .010","34","75"
"CO 213 .011","33","75"
"CO 213 .012","32","75"
"CO 213 .013","31","75"
"CO 213 .014","30","75"
"CO 213 .015","29","75"
"CO 213 .016","28","75"
"CO 213 .017","27","75"
"CO 213 .018","26","75"
"CO 213 .019","25","75"
"CO 213 .020","24","75"
"CO 213 .021","23","75"
"CO 213 .022","22","75"
"CO 213 .023","21","75"
"CO 213 .024","20","75"
"CO 213 .025","19","75"
"CO 213 .026","18","75"
"CO 213 .027","17","75"
"CO 213 .028","16","75"
"CO 213 .029","15","75"
"CO 213 .030","14","75"
"CO 213 .031","13","75"
"CO 213 .032","12","75"
"CO 213 .033","11","75"
"CO 213 .034","10","75"
"CO 213 .035","9","75"
"CO 213 .036","8","75"
"CO 213 .037","7","75"
"CO 213 .038","6","75"
"CO 213 .039","5","75"
"CO 213 .040","4","75"
"CO 214","1","11"
"CO 215","1","5"
"CO 216","1","7"
"CO 217","1","213"
"CO 218","1","5"
"CO 219","1","14"
"CO 220","1","14"
"CO 220 .001","4","14"
"CO 221","1","5"
"CO 222","1","5"
"CO 223","1","8"
"CO 223 .001","6","8"
"CO 223 .002","4","8"
"CO 224","1","5"
"CO 225","1","24"
"CO 226","1","10"
"CO 227","1","749"
"CO 228","1","72"
"CO 228 .001","15","72"
"CO 228 .002","14","72"
"CO 228 .003","12","72"
"CO 228 .004","11","72"
"CO 228 .005","10","72"
"CO 228 .006","9","72"
"CO 228 .007","5","72"
"CO 228 A","1","54"
"CO 228 DUPLICATE ORDER IDENTIFIER #1 .003","0","0"
"CO 228 DUPLICATE ORDER IDENTIFIER #2 .003","0","0"
"CO 229","1","10"
"CO 230","1","5"
"CO 231","1","123"
"CO 231 .001","8","123"
"CO 231 A","1","206"
"CO 232","1","8"
"CO 232 .001","6","8"
"CO 232 .002","5","8"
"CO 232 .003","4","8"
"CO 233","1","95"
"CO 233 .001","8","95"
"CO 233 .002","12","95"
"CO 234","1","30"
"CO 234 .001","5","30"
"CO 234 A","1","37"
"CO 234 A .001","6","37"
"CO 234 A .002","7","37"
"CO 234 A .003","12","37"
"CO 235","1","5"
"CO 236","1","14"
"CO 237","1","87"
"CO 237 .001","7","87"
"CO 237 .002","14","87"
"CO 237 A","1","22"
"CO 237 B","1","63"
"CO 237 C","1","30"
"CO 237 D","1","19"
"CO 238","1","21"
"CO 239","1","11"
"CO 240","1","12"
"CO 241","1","14"
"CO 242","1","10"
"CO 243","1","8"
"CO 244","1","11"
"CO 245","1","5"
"CO 246","1","15"
"CO 247","1","10"
"CO 248","1","11"
"CO 249","1","5"
"CO 250","1","58"
"CO 251","1","10"
"CO 252","1","41"
"CO 253","1","15"
"CO 254","1","339"
"CO 255","1","267"
"CO 256","1","14"
"CO 257","1","9"
"CO 257 .001","5","9"
"CO 258","1","7"
"CO 259","1","7"
"CO 260","1","16"
"CO 261","1","40"
"CO 261 A","1","149"
"CO 261 B","1","82"
"CO 261 B .001","17","82"
"CO 262","1","7"
"CO 263","1","23"
"CO 264","1","14"
"CO 265","1","14"
"CO 266","1","10"
"CO 267","1","30"
"CO 268","1","10"
"CO 269","1","10"
"CO 270","1","8"
"CO 271","1","13"
"CO 272","1","6"
"CO 273","1","7"
"CO 274","1","100"
"CO 274 .001","9","100"
"CO 274 A","1","35"
"CO 275","1","120"
"CO 275 .001","11","120"
"CO 276","1","12"
"CO 277","1","22"
"CO 278","1","1107"
"CO 279","1","25"
"CO 279 .001","7","25"
"CO 280","1","25"
"CO 281","1","7"
"CO 282","1","8"
"CO 283","1","7"
"CO 284","1","14"
"CO 285","1","24"
"CO 286","1","11"
"CO 287","1","14"
"CO 288","1","12"
"CO 289","1","17"
"CO 290","1","1260"
"CO 290 .001","8","1260"
"CO 291","1","16"
"CO 292","1","16"
"CO 293","1","12"
"CO 294","1","20"
"CO 295","1","19"
"CO 296","1","14"
"CO 297","1","9"
"CO 297 A","1","148"
"CO 298","1","8"
"CO 299","1","18"
"CO 300","1","99"
"CO 301","1","7"
"CO 302","1","11"
"CO 303","1","7"
"CO 304","1","14"
"CO 305","1","6"
"CO 306","1","6"
"CO 307","1","15"
"CO 308","1","6"
"CO 308 A","1","6"
"CO 309","1","75"
"CO 310","1","11"
"CO 311","1","316"
"CO 311 .001","18","316"
"CO 311 .002","17","316"
"CO 311 .003","16","316"
"CO 311 .004","15","316"
"CO 311 .005","14","316"
"CO 311 .006","13","316"
"CO 311 .007","12","316"
"CO 311 .008","11","316"
"CO 311 A","1","44"
"CO 311 B","1","205"
"CO 311 B .001","17","205"
"CO 311 B .002","19","205"
"CO 311 B .003","25","205"
"CO 311 B .004","38","205"
"CO 311 C","1","41"
"CO 312","1","13"
"CO 313","1","9"
"CO 314","1","12"
"CO 315","1","11"
"CO 316","1","11"
"CO 317","1","779"
"CO 317 .001","26","779"
"CO 317 .002","25","779"
"CO 317 A","1","11"
"CO 317 B","1","223"
"CO 317 B .001","19","223"
"CO 317 B .002","22","223"
"CO 317 B .003","28","223"
"CO 317 B .004","41","223"
"CO 317 C","1","41"
"CO 318","1","16"
"CO 319","1","12"
"CO 320","1","18"
"CO 321","1","433"
"CO 322","1","10"
"CO 323","1","41"
"CO 324","1","12"
"CO 325","1","12"
"CO 326","1","12"
"CO 327","1","12"
"CO 328","1","27"
"CO 329","1","689"
"CO 329 .001","26","689"
"CO 329 .002","25","689"
"CO 329 .003","24","689"
"CO 329 .004","23","689"
"CO 329 .005","19","689"
"CO 329 A","1","112"
"CO 329 A .001","17","112"
"CO 329 A .002","19","112"
"CO 329 B","1","138"
"CO 329 B .001","10","138"
"CO 329 B .002","14","138"
"CO 329 B .003","18","138"
"CO 329 B .004","22","138"
"CO 329 B .005","28","138"
"CO 329 C","1","35"
"CO 330","1","13"
"CO 331","1","16"
"CO 332","1","304"
"CO 332 .001","8","304"
"CO 333","1","26"
"CO 334","1","8"
"CO 335","1","30"
"CO 336","1","6"
"CO 337","1","10"
"CO 338","1","460"
"CO 339","1","11"
"CO 340","1","19"
"CO 341","1","72"
"CO 341 A","1","15"
"CO 341 B","1","30"
"CO 341 B .001","15","30"
"CO 341 C","1","78"
"CO 341 C .001","11","78"
"CO 341 D","1","400"
"CO 341 D .001","30","400"
"CO 341 E","1","309"
"CO 341 E .001","15","309"
"CO 341 E .002","20","309"
"CO 341 E .003","25","309"
"CO 341 E .004","31","309"
"CO 341 E .005","35","309"
"CO 341 F","1","387"
"CO 341 F .001","16","387"
"CO 341 F .002","28","387"
"CO 341 F .003","34","387"
"CO 341 F .004","48","387"
"CO 341 F .005","55","387"
"CO 341 F .006","62","387"
"CO 341 F .007","69","387"
"CO 341 G","1","95"
"CO 341 H","1","54"
"CO 341 H .001","21","54"
"CO 341 H .002","25","54"
"CO 341 I","1","47"
"CO 341 I .001","12","47"
"CO 341 I .002","15","47"
"CO 341 J","1","51"
"CO 341 J .001","16","51"
"CO 341 J .002","19","51"
"CO 342","1","8"
"CO 343","1","8"
"CO 344","1","17"
"CO 345","1","222"
"CO 345 .001","19","222"
"CO 345 .002","21","222"
"CO 345 .003","35","222"
"CO 346","1","30"
"CO 347","1","38"
"CO 347 A","1","149"
"CO 348","1","120"
"CO 349","1","36"
"CO 349 A","1","17"
"CO 350","1","16"
"CO 351","1","11"
"CO 351 A","1","143"
"CO 352","1","13"
"CO 353","1","8"
"CO 354","1","15"
"CO 355","1","13"
"CO 356","1","18"
"CO 356 A","1","37"
"CO 357","1","13"
"CO 358","1","224"
"CO 358 .001","8","224"
"CO 358 .002","7","224"
"CO 358 .004","6","224"
"CO 359","1","17"
"CO 360","1","209"
"CO 361","1","11"
"CO 362","1","121"
"CO 362 A","1","116"
"CO 362 A .001","9","116"
"CO 362 A .002","11","116"
"CO 362 A .003","16","116"
"CO 362 A .004","22","116"
"CO 362 A .006","31","116"
"CO 363","1","28"
"CO 364","1","39"
"CO 365","1","12"
"CO 366","1","18"
"CO 367","1","55"
"CO 368","1","13"
"CO 369","1","23"
"CO 370","1","35"
"CO 371","1","13"
"CO 372","1","12"
"CO 373","1","17"
"CO 374","1","18"
"CO 375","1","10"
"CO 376","1","11"
"CO 377","1","10"
"CO 378","1","10"
"CO 379","1","21"
"CO 380","1","11"
"CO 381","1","14"
"CO 382","1","11"
"CO 383","1","13"
"CO 384","1","15"
"CO 385","1","20"
"CO 386","1","33"
"CO 387","1","11"
"CO 388","1","11"
"CO 389","1","20"
"CO 390","1","24"
"CO 390 A","1","277"
"CO 391","1","2100"
"CO 391 A","1","3240"
"CO 391 B","1","227"
"CO 392","1","7"
"CO 393","1","121"
"CO 394","1","12"
"CO 395","1","8"
"CO 396","1","19"
"CO 397","1","64"
"CO 398","1","25"
"CO 399","1","9"
"CO 400","1","12"
"CO 401","1","17"
"CO 402","1","66"
"CO 402 A","1","1"
"CO 402 A .001","1","1"
"CO 402 A .002","1","1"
"CO 402 A .003","1","1"
"CO 402 A .004","1","1"
"CO 402 B","1","223"
"CO 402 B .001","21","223"
"CO 402 C","1","26"
"CO 403","1","11"
"CO 404","1","14"
"CO 405","1","13"
"CO 406","1","243"
"CO 406 .001","12","243"
"CO 406 A","1","97"
"CO 406 A .001","15","97"
"CO 406 B","1","959"
"CO 406 B .001","24","959"
"CO 406 B .002","29","959"
"CO 406 B .003","35","959"
"CO 406 B .004","39","959"
"CO 406 B .005","43","959"
"CO 406 B .006","47","959"
"CO 406 B .007","51","959"
"CO 406 B .008","55","959"
"CO 406 B .009","60","959"
"CO 406 B .010","83","959"
"CO 406 B .011","88","959"
"CO 406 B .012","92","959"
"CO 406 B .013","98","959"
"CO 406 C","1","352"
"CO 406 C .001","13","352"
"CO 406 C .002","14","352"
"CO 406 C .003","19","352"
"CO 407","1","14"
"CO 408","1","44"
"CO 408 .001","6","44"
"CO 409","1","12"
"CO 410","1","13"
"CO 411","1","13"
"CO 412","1","144"
"CO 413","1","19"
"CO 414","1","13"
"CO 415","1","13"
"CO 416","1","16"
"CO 417","1","15"
"CO 418","1","20"
"CO 419","1","41"
"CO 420","1","7"
"CO 421","1","23"
"CO 422","1","16"
"CO 423","1","180"
"CO 423 .001","18","180"
"CO 424","1","15"
"CO 425","1","15"
"CO 426","1","52"
"CO 427","1","14"
"CO 428","1","16"
"CO 429","1","16"
"CO 430","1","1036"
"CO 430 .001","10","1036"
"CO 430 .002","9","1036"
"CO 430 A","1","817"
"CO 430 A .001","23","817"
"CO 430 A .002","27","817"
"CO 430 A .003","33","817"
"CO 430 A .004","37","817"
"CO 430 A .005","41","817"
"CO 430 A .006","45","817"
"CO 430 A .007","49","817"
"CO 430 A .008","53","817"
"CO 430 A .009","58","817"
"CO 430 A .010","69","817"
"CO 430 A .011","73","817"
"CO 430 A .012","79","817"
"CO 430 A .013","84","817"
"CO 430 A .014","89","817"
"CO 431","1","13"
"CO 432","1","42"
"CO 432 A","1","43"
"CO 432 B","1","71"
"CO 432 C","1","57"
"CO 432 C .001","15","57"
"CO 432 C .002","19","57"
"CO 432 C .003","22","57"
"CO 432 C .004","26","57"
"CO 432 D","1","1038"
"CO 432 D .001","24","1038"
"CO 432 D .002","30","1038"
"CO 432 D .003","34","1038"
"CO 432 D .004","38","1038"
"CO 432 D .005","42","1038"
"CO 432 D .006","46","1038"
"CO 432 D .007","50","1038"
"CO 432 D .008","55","1038"
"CO 432 D .009","63","1038"
"CO 432 D .010","68","1038"
"CO 432 D .011","73","1038"
"CO 432 D .012","79","1038"
"CO 432 E","1","45"
"CO 432 E .001","16","45"
"CO 432 F","1","25"
"CO 433","1","23"
"CO 434","1","68"
"CO 435","1","232"
"CO 435 A","1","842"
"CO 435 A .001","24","842"
"CO 435 A .002","30","842"
"CO 435 A .003","34","842"
"CO 435 A .004","38","842"
"CO 435 A .005","43","842"
"CO 435 A .006","47","842"
"CO 435 A .007","51","842"
"CO 435 A .008","57","842"
"CO 435 A .009","67","842"
"CO 435 A .010","71","842"
"CO 435 A .011","77","842"
"CO 435 A .012","82","842"
"CO 435 A .013","87","842"
"CO 436","1","64"
"CO 437","1","50"
"CO 438","1","61"
"CO 439","1","68"
"CO 440","1","60"
"CO 441","1","36"
"CO 442","1","41"
"CO 443","1","370"
"CO 443 .001","29","370"
"CO 443 A","1","108"
"CO 443 A .001","31","108"
"CO 443 A .002","33","108"
"CO 443 A .003","39","108"
"CO 443 B","1","112"
"CO 443 B .001","21","112"
"CO 443 C","1","166"
"CO 443 C .001","42","166"
"CO 443 D","1","57"
"CO 444","1","64"
"CO 445","1","59"
"CO 446","1","60"
"CO 447","1","66"
"CO 448","1","62"
"CO 449","1","293"
"CO 449 .001","40","293"
"CO 449 .002","44","293"
"CO 450","1","147"
"CO 450 A","1","179"
"CO 450 B","1","124"
"CO 451","1","83"
"CO 452","1","286"
"CO 452 .001","43","286"
"CO 452 .002","41","286"
"CO 452 .003","45","286"
"CO 452 .004","51","286"
"CO 452 .005","3","286"
"CO 452 .006","8","286"
"CO 453","1","25"
"CO 454","1","22"
"CO 455","1","209"
"CO 456","1","205"
"CO 456 A","1","1268"
"CO 456 A .001","23","1268"
"CO 456 A .002","29","1268"
"CO 456 A .003","33","1268"
"CO 456 A .004","37","1268"
"CO 456 A .005","41","1268"
"CO 456 A .006","45","1268"
"CO 456 A .007","49","1268"
"CO 456 A .008","54","1268"
"CO 456 A .009","59","1268"
"CO 456 A .010","74","1268"
"CO 456 A .011","80","1268"
"CO 456 A .012","85","1268"
"CO 456 A .013","90","1268"
"CO 457","1","351"
"CO 457 A","1","73"
"CO 457 A .001","18","73"
"CO 457 A .002","16","73"
"CO 457 A .003","14","73"
"CO 457 A .004","20","73"
"CO 457 B","1","268"
"CO 457 B .001","33","268"
"CO 457 B .002","37","268"
"CO 457 B .003","43","268"
"CO 457 B .004","48","268"
"CO 457 B .005","53","268"
"CO 457 B .006","59","268"
"CO 457 B .007","74","268"
"CO 457 B .008","79","268"
"CO 458","1","255"
"CO 458 A","1","61"
"CO 459","1","27"
"CO 460","1","64"
"CO 461","1","13"
"CO 462","1","189"
"CO 462 .001","19","189"
"CO 462 .002","20","189"
"CO 462 .003","24","189"
"CO 462 .004","27","189"
"CO 462 .005","32","189"
"CO 462 .006","39","189"
"CO 462 .007","44","189"
"CO 463","1","41"
"CO 464","1","33"
"CO 465","1","40"
"CO 466","1","31"
"CO 467","1","49"
"CO 468","1","70"
"CO 469","1","51"
"CO 470","1","31"
"CO 471","1","504"
"CO 471 .001","30","504"
"CO 471 .002","28","504"
"CO 471 .003","24","504"
"CO 471 .004","39","504"
"CO 471 .005","43","504"
"CO 471 .006","48","504"
"CO 471 .007","54","504"
"CO 471 .008","58","504"
"CO 471 .009","64","504"
"CO 471 .010","79","504"
"CO 471 .011","84","504"
"CO 472","1","69"
"CO 473","1","41"
"CO 474","1","32"
"CO 475","1","38"
"CO 476","1","96"
"CO 477","1","544"
"CO 477 .001","29","544"
"CO 477 .002","35","544"
"CO 477 .003","40","544"
"CO 477 .004","45","544"
"CO 477 .005","50","544"
"CO 477 .006","55","544"
"CO 477 .007","60","544"
"CO 477 .008","64","544"
"CO 477 .009","68","544"
"CO 477 A","1","102"
"CO 477 A .001","8","102"
"CO 477 A .002","18","102"
"CO 477 A .003","26","102"
"CO 477 B","1","34"
"CO 478","1","178"
"CO 478 A","1","175"
"CO 478 A .001","12","175"
"CO 479","1","37"
"CO 480","1","34"
"CO 481","1","93"
"CO 482","1","30"
"CO 483","1","473"
"CO 484","1","340"
"CO 484 .001","20","340"
"CO 484 .002","18","340"
"CO 484 A","1","176"
"CO 484 A .001","23","176"
"CO 484 A .002","29","176"
"CO 484 A .003","35","176"
"CO 484 A .004","41","176"
"CO 484 A .005","56","176"
"CO 484 A .006","61","176"
"CO 485","1","23"
"CO 486","1","28"
"CO 487","1","52"
"CO 488","1","77"
"CO 489","1","197"
"CO 490","1","40"
"CO 491","1","50"
"CO 492","1","119"
"CO 492 A","1","18"
"CO 493","1","32"
"CO 494","1","61"
"CO 495","1","57"
"CO 496","1","34"
"CO 497","1","33"
"CO 498","1","35"
"CO 499","1","25"
"CO 500","1","40"
"CO 501","1","31"
"CO 502","1","33"
"CO 503","1","31"
"CO 504","1","20"
"CO 505","1","172"
"CO 505 A","1","74"
"CO 505 B","1","141"
"CO 505 B .001","39","141"
"CO 505 B .002","45","141"
"CO 505 B .003","60","141"
"CO 505 B .004","65","141"
"CO 505 C","1","32"
"CO 506","1","32"
"CO 507","1","32"
"CO 508","1","25"
"CO 509","1","25"
"CO 510","1","26"
"CO 510 A","1","43"
"CO 510 B","1","21"
"CO 510 C","1","29"
"CO 511","1","43"
"CO 512","1","35"
"CO 513","1","58"
"CO 514","1","41"
"CO 515","1","28"
"CO 516","1","20"
"CO 517","1","18"
"CO 518","1","13"
"CO 519","1","39"
"CO 520","1","40"
"CO 521","1","27"
"CO 522","1","28"
"CO 523","1","38"
"CO 524","1","39"
"CO 525","1","38"
"CO 526","1","20"
"CO 527","1","47"
"CO 528","1","29"
"CO 529","1","39"
"CO 530","1","70"
"CO 531","1","60"
"CO 532","1","192"
"CO 532 A","1","104"
"CO 532 B","1","129"
"CO 533","1","23"
"CO 534","1","22"
"CO 535","1","22"
"CO 536","1","39"
"CO 537","1","82"
"CO 538","1","42"
"CO 539","1","27"
"CO 540","1","25"
"CO 541","1","27"
"CO 542","1","13"
"CO 543","1","100"
"CO 544","1","67"
"CO 545","1","50"
"CO 546","1","12"
"CO 547","1","1"
"CO 547 .001","1","1"
"CO 547 .002","1","1"
"CO 547 .003","1","1"
"CO 547 .004","1","1"
"CO 547 .005","1","1"
"CO 547 .006","1","1"
"CO 548","1","1"
"CO 548 .001","1","1"
"CO 548 .002","1","1"
"CO 548 .003","1","1"
"CO 548 .004","1","1"
"CO 548 .005","1","1"
"CO 548 .006","1","1"
"CO 549","1","103"
"CO 550","1","1"
"CO 550 .001","1","1"
"CO 550 .002","1","1"
"CO 550 .003","1","1"
"CO 550 .004","1","1"
"CO 550 .005","1","1"
"CO 550 .006","1","1"
"CO 550 .007","1","1"
"CO 550 .008","1","1"
"CO 550 .009","1","1"
"CO 551","1","1"
"CO 551 .001","1","1"
"CO 551 .002","1","1"
"CO 551 .003","1","1"
"CO 551 .004","1","1"
"CO 551 .005","1","1"
"CO 551 .006","1","1"
"CO 552","1","103"
"CO 553","1","166"
"CO 553 A","1","105"
"CO 553 A .001","15","105"
"CO 554","1","20"
"CO 555","1","1"
"CO 556","1","150"
"CO 556 A","1","78"
"CO 557","1","52"
"CO 558","1","215"
"CO 559","1","1"
"CO 559 .001","1","1"
"CO 559 .002","1","1"
"CO 559 .003","1","1"
"CO 559 .004","1","1"
"CO 559 .005","1","1"
"CO 559 .006","1","1"
"CO 559 .007","1","1"
"CO 559 .008","1","1"
"CO 559 .009","1","1"
"CO 559 .010","1","1"
"CO 559 .011","1","1"
"CO 559 A","1","124"
"CO 559 A .001","40","124"
"CO 559 A .002","47","124"
"CO 560","1","44"
"CO 561","1","36"
"CO 562","1","382"
"CO 562 .001","24","382"
"CO 562 .002","29","382"
"CO 562 .003","35","382"
"CO 562 .004","40","382"
"CO 562 .005","50","382"
"CO 563","1","260"
"CO 563 .001","27","260"
"CO 564","1","27"
"CO 565","1","70"
"CO 566","1","311"
"CO 567","1","244"
"CO 568","1","211"
"CO 569","1","374"
"CO 569 .001","24","374"
"CO 569 .002","29","374"
"CO 569 .003","34","374"
"CO 569 .004","44","374"
"CO 570","1","1"
"CO 570 .001","1","1"
"CO 570 .002","1","1"
"CO 570 .003","1","1"
"CO 570 .004","1","1"
"CO 570 .005","1","1"
"CO 570 .006","1","1"
"CO 570 .007","1","1"
"CO 570 .008","1","1"
"CO 570 .009","1","1"
"CO 570 .010","1","1"
"CO 570 .011","1","1"
"CO 570 A","1","24"
"CO 571","1","29"
"CO 572","1","29"
"CO 573","1","28"
"CO 574","1","31"
"CO 575","1","31"
"CO 576","1","77"
"CO 577","1","55"
"CO 578","1","72"
"CO 579","1","132"
"CO 580","1","69"
"CO 581","1","49"
"CO 582","1","26"
"CO 583","1","70"
"CO 584","1","982"
"CO 585","1","42"
"CO 586","1","52"
"CO 587","1","46"
"CO 588","1","46"
"CO 589","1","29"
"CO 590","1","25"
"CO 591","1","48"
"CO 592","1","62"
"CO 593","1","29"
"CO 594","1","38"
"CO 595","1","191"
"CO 596","1","876"
"CO 596 .001","26","876"
"CO 596 .002","32","876"
"CO 596 .003","36","876"
"CO 596 .004","41","876"
"CO 596 .005","45","876"
"CO 596 .006","49","876"
"CO 596 .007","53","876"
"CO 596 .008","57","876"
"CO 596 .009","63","876"
"CO 596 .010","68","876"
"CO 597","1","863"
"CO 597 .001","28","863"
"CO 597 .002","34","863"
"CO 597 .003","38","863"
"CO 597 .004","43","863"
"CO 597 .005","47","863"
"CO 597 .006","51","863"
"CO 597 .007","55","863"
"CO 597 .008","60","863"
"CO 597 .009","66","863"
"CO 597 .010","71","863"
"CO 598","1","35"
"CO 599","1","25"
"CO 600","1","82"
"CO 601","1","37"
"CO 602","1","54"
"CO 603","1","53"
"CO 604","1","178"
"CO 605","1","281"
"CO 605 .001","24","281"
"CO 605 .002","29","281"
"CO 605 .003","34","281"
"CO 605 A","1","42"
"CO 605 A .001","12","42"
"CO 606","1","101"
"CO 607","1","25"
"CO 608","1","43"
"CO 609","1","27"
"CO 610","1","69"
"CO 611","1","40"
"CO 612","1","33"
"CO 613","1","10"
"CO 614","1","22"
"CO 615","1","16"
"CO 616","1","25"
"CO 617","1","11"
"CO 618","1","60"
"CO 619","1","80"
"CO 620","1","63"
"CO 621","1","20"
"CO 622","1","35"
"CO 623","1","77"
"CO 624","1","60"
"CO 625","1","69"
"CO 626","1","27"
"CO 627","1","53"
"CO 628","1","112"
"CO 629","1","23"
"CO 630","1","31"
"CO 631","1","54"
"CO 632","1","21"
"CO 633","1","21"
"CO 634","1","40"
"CO 635","1","51"
"CO 635 A","1","25"
"CO 636","1","81"
"CO 637","1","30"
"CO 638","1","24"
"CO 639","1","278"
"CO 639 .001","22","278"
"CO 639 .002","27","278"
"CO 640","1","22"
"CO 641","1","52"
"CO 642","1","25"
"CO 642 A","1","15"
"CO 643","1","34"
"CO 644","1","275"
"CO 645","1","217"
"CO 645 .001","18","217"
"CO 645 A","1","39"
"CO 646","1","143"
"CO 646 .001","9","143"
"CO 647","1","27"
"CO 648","1","39"
"CO 648 A","1","36"
"CO 649","1","38"
"CO 650","1","18"
"CO 651","1","14"
"CO 652","1","26"
"CO 653","1","22"
"CO 654","1","71"
"CO 655","1","22"
"CO 656","1","24"
"CO 657","1","34"
"CO 658","1","24"
"CO 659","1","20"
"CO 660","1","48"
"CO 661","1","45"
"CO 662","1","48"
"CO 663","1","49"
"CO 664","1","37"
"CO 665","1","31"
"CO 666","1","23"
"CO 667","1","33"
"CO 668","1","28"
"CO 669","1","87"
"CO 670","1","23"
"CO 671","1","30"
"CO 672","1","123"
"CO 673","1","12"
"CO 674","1","12"
"CO 675","1","57"
"CO 676","1","196"
"CO 677","1","19"
"CO 678","1","20"
"CO 679","1","1"
"CO 680","1","36"
"CO 681","1","25"
"CO 682","1","40"
"CO 683","1","103"
"CO 684","1","27"
"CO 685","1","33"
"CO 685 A","1","64"
"CO 686","1","136"
"CO 687","1","36"
"CO 688","1","29"
"CO 689","1","28"
"CO 690","1","100"
"CO 691","1","1415"
"CO 692","1","37"
"CO 693","1","46"
"CO 694","1","32"
"CO 695","1","32"
"CO 696","1","32"
"CO 697","1","32"
"CO 698","1","32"
"CO 699","1","26"
"CO 700","1","71"
"CO 701","1","101"
"CO 701 A","1","346"
"CO 701 B","1","35"
"CO 701 C","1","335"
"CO 701 D","1","39"
"CO 701 E","1","132"
"CO 701 F","1","204"
"CO 701 F .001","6","204"
"CO 701 F .002","10","204"
"CO 701 G","1","206"
"CO 701 G .001","8","206"
"CO 701 G .002","12","206"
"CO 701 H","1","206"
"CO 701 H .001","8","206"
"CO 701 H .002","12","206"
"CO 702","1","28"
"CO 703","1","37"
"CO 704","1","23"
"CO 705","1","33"
"CO 706","1","42"
"CO 707","1","88"
"CO 708","1","92"
"CO 709","1","66"
"CO 710","1","29"
"CO 711","1","22"
"CO 712","1","23"
"CO 713","1","19"
"CO 714","1","26"
"CO 715","1","30"
"CO 716","1","231"
"CO 716 .001","11","231"
"CO 716 A","1","29"
"CO 717","1","20"
"CO 718","1","17"
"CO 719","1","227"
"CO 719 .001","37","227"
"CO 720","1","108"
"CO 721","1","27"
"CO 722","1","25"
"CO 723","1","35"
"CO 724","1","33"
"CO 725","1","236"
"CO 725 .001","21","236"
"CO 725 .002","27","236"
"CO 725 A","1","39"
"CO 726","1","35"
"CO 727","1","18"
"CO 728","1","44"
"CO 729","1","34"
"CO 730","1","34"
"CO 731","1","30"
"CO 732","1","79"
"CO 733","1","32"
"CO 734","1","32"
"CO 735","1","83"
"CO 735 .001","17","83"
"CO 736","1","148"
"CO 737","1","39"
"CO 738","1","39"
"CO 739","1","61"
"CO 739 .001","15","61"
"CO 740","1","31"
"CO 741","1","31"
"CO 742","1","32"
"CO 743","1","28"
"CO 744","1","31"
"CO 745","1","31"
"CO 746","1","31"
"CO 747","1","183"
"CO 748","1","33"
"CO 749","1","23"
"CO 750","1","21"
"CO 751","1","23"
"CO 752","1","24"
"CO 753","1","24"
"CO 754","1","23"
"CO 755","1","23"
"CO 756","1","25"
"CO 757","1","54"
"CO 757 A","1","59"
"CO 757 A .001","1","59"
"CO 758","1","22"
"CO 759","1","22"
"CO 760","1","22"
"CO 761","1","22"
"CO 762","1","22"
"CO 763","1","22"
"CO 764","1","22"
"CO 765","1","22"
"CO 766","1","28"
"CO 767","1","18"
"CO 768","1","31"
"CO 769","1","31"
"CO 770","1","28"
"CO 771","1","28"
"CO 772","1","28"
"CO 773","1","28"
"CO 774","1","28"
"CO 775","1","28"
"CO 776","1","65"
"CO 777","1","20"
"CO 778","1","20"
"CO 779","1","18"
"CO 780","1","455"
"CO 780 .001","24","455"
"CO 781","1","17"
"CO 782","1","8"
"CO 783","1","8"
"CO 784","1","8"
"CO 785","1","20"
"CO 786","1","16"
"CO 787","1","24"
"CO 788","1","18"
"CO 789","1","8"
"CO 790","1","31"
"CO 790 A","1","20"
"CO 791","1","160"
"CO 791 A","1","30"
"CO 792","1","166"
"CO 793","1","173"
"CO 794","1","19"
"CO 795","1","22"
"CO 796","1","23"
"CO 797","1","19"
"CO 798","1","20"
"CO 799","1","26"
"CO 800","1","28"
"CO 801","1","45"
"CO 802","1","95"
"CO 802 A","1","20"
"CO 803","1","34"
"CO 804","1","20"
"CO 805","1","20"
"CO 806","1","20"
"CO 807","1","177"
"CO 808","1","282"
"CO 809","1","35"
"CO 810","1","17"
"CO 811","1","29"
"CO 812","1","141"
"CO 813","1","18"
"CO 814","1","15"
"CO 814 .001","9","15"
"CO 815","1","15"
"CO 815 .001","9","15"
"CO 816","1","27"
"CO 816 .001","8","27"
"CO 817","1","12"
"CO 818","1","24"
"CO 819","1","129"
"CO 820","1","46"
"CO 821","1","46"
"CO 822","1","171"
"CO 824","1","1"
"CO 825","1","1"
"CO 826","1","1"
"DIO 1","1","265"
"DIO 2","1","65"
"DIO 3","1","213"
"DIO 3 .001","7","213"
"DIO 3 .002","12","213"
"DIO 3 .003","16","213"
"DIO 4","1","68"
"DIO 5","1","72"
"DIO 6","1","129"
"DIO 7","1","82"
"DIO 8","1","66"
"DIO 9","1","157"
"DIO 9 .001","7","157"
"DIO 10","1","155"
"DIO 10 .001","96","155"
"DIO 11","1","105"
"DIO 11 .001","8","105"
"DIO 12","1","214"
"DIO 12 .001","9","214"
"DIO 13","1","159"
"DIO 13 .001","9","159"
"DIO 13 .002","8","159"
"DIO 14","1","78"
"DIO 15","1","99"
"DIO 15 .001","7","99"
"DIO 16","1","148"
"DIO 16 .001","31","148"
"DIO 16 .002","37","148"
"DIO 17","1","410"
"DIO 17 .001","37","410"
"DIO 17 .002","36","410"
"DIO 17 .003","31","410"
"DIO 17 .004","39","410"
"DIO 17 .006","44","410"
"DIO 18","1","221"
"DIO 18 .001","7","221"
"DIO 19","1","356"
"DIO 19 .001","8","356"
"DIO 20","1","299"
"DIO 20 .001","50","299"
"DIO 20 .002","53","299"
"DIO 21","1","127"
"DIO 22","1","393"
"DIO 22 .001","21","393"
"DIO 22 .002","18","393"
"DIO 22 .003","13","393"
"DIO 22 .004","8","393"
"DIO 22 .005","36","393"
"DIO 23","1","400"
"DIO 23 .001","16","400"
"DIO 23 .002","21","400"
"DIO 24","1","144"
"DIO 25","1","288"
"DIO 25 .001","25","288"
"DIO 26","1","308"
"DIO 26 .001","20","308"
"DIO 26 .002","21","308"
"DIO 26 .003","22","308"
"DIO 27","1","190"
"DIO 27 A","1","31"
"DIO 28","1","348"
"DIO 28 A","1","24"
"DIO 28 A .001","1","24"
"DIO 29","1","69"
"DIO 30","1","130"
"DIO 30 A","1","25"
"DIO 30 A .001","1","25"
"DIO 31","1","309"
"DIO 31 .001","18","309"
"DIO 31 .002","23","309"
"DIO 32","1","380"
"DIO 32 .001","14","380"
"DIO 32 .002","18","380"
"DIO 32 .003","23","380"
"DIO 32 .004","26","380"
"DIO 33","1","169"
"DIO 34","1","118"
"DIO 34 A","1","92"
"DIO 34 B","1","402"
"DIO 35","1","329"
"DIO 35 .001","13","329"
"DIO 36","1","248"
"DIO 37","1","239"
"DIO 37 .001","13","239"
"DIO 37 .002","17","239"
"DIO 38","1","199"
"DIO 39","1","148"
"DIO 40","1","136"
"DIO 41","1","195"
"DIO 42","1","192"
"DIO 42 .001","20","192"
"DIO 42 .002","24","192"
"DIO 43","1","215"
"DIO 43 .001","13","215"
"DIO 43 .002","18","215"
"DIO 43 .003","22","215"
"DIO 43 .004","25","215"
"DIO 44","1","139"
"DIO 45","1","171"
"DIO 45 .001","15","171"
"DIO 46","1","85"
"DIO 47","1","76"
"DIO 47 .001","1","76"
"ERIO 1","1","41"
"ERIO 2","1","146"
"ERIO 2 .001","16","146"
"ERIO 2 .002","21","146"
"ERIO 2 .003","27","146"
"ERIO 2 .004","30","146"
"ERIO 2 .005","33","146"
"ERIO 2 .006","36","146"
"ERIO 2 .007","11","146"
"ERIO 3","1","79"
"ERIO 3 .001","14","79"
"ERIO 3 .002","18","79"
"ERIO 4","1","60"
"ERIO 5","1","45"
"ERIO 5 .001","11","45"
"ERIO 6","1","60"
"ERIO 6 .001","10","60"
"ERIO 6 .002","14","60"
"ERIO 7","1","129"
"ERIO 7 .001","1","129"
"ERIO 8","1","123"
"ERIO 9","1","166"
"O 1","1","44"
"O 1 A","1","21"
"O 2","1","41"
"O 3","1","207"
"O 4","1","185"
"O 5","1","513"
"O 6","1","68"
"O 7","1","24"
"O 8","1","149"
"O 9","1","121"
"O 10","1","40"
"O 11","1","51"
"O 12","1","167"
"O 13","1","98"
"O 14","1","38"
"O 15","1","369"
"O 16","1","42"
"O 17","1","41"
"O 18","1","257"
"O 19","1","44"
"O 21","1","102"
"O 22","1","73"
"O 23","1","527"
"O 24","1","109"
"O 25","1","1"
"O 26","1","31"
"O 27","1","35"
"O 28","1","201"
"O 29","1","67"
"O 30","1","329"
"O 31","1","123"
"O 32","1","125"
"O 33","1","46"
"O 34","1","14"
"O 35","1","1"
"O 36","1","51"
"O 37","1","258"
"O 38","1","101"
"O 39","1","182"
"O 40","1","1246"
"O 41","1","99"
"O 42","1","35"
"O 43","1","187"
"O 44","1","285"
"O 45","1","224"
"O 46","1","186"
"O 47","1","75"
"O 48","1","133"
"O 49","1","82"
"O 50","1","22"
"O 51","1","1"
"O 52","1","117"
"O 53","1","1154"
"O 54","1","306"
"O 55","1","174"
"O 56","1","115"
"O 57","1","174"
"O 58","1","49"
"O 59","1","94"
"O 60","1","200"
"O 61","1","1387"
"O 62","1","171"
"O 63","1","70"
"O 64","1","869"
"O 65","1","146"
"O 66","1","52"
"O 67","1","72"
"O 68","1","142"
"O 69","1","648"
"O 70","1","188"
"O 71","1","99"
"O 72","1","20"
"O 73","1","559"
"O 74","1","2349"
"O 75","1","399"
"O 76","1","293"
"O 77","1","259"
"O 78","1","641"
"O 79","1","142"
"O 80","1","136"
"O 81","1","168"
"O 82","1","102"
"O 83","1","99"
"O 84","1","127"
"O 85","1","692"
"O 86","1","85"
"O 88","1","215"
"O 89","1","41"
"O 90","1","11"
"O 91","1","1"
"O 92","1","51"
"O 93","1","1"
"O 94","1","1"
"O 95","1","1"
"O 96","1","1"
"O 97","1","1"
"O 98","1","205"
"O 99","1","1"
"O 100","1","137"
"O 101","1","221"
"O 102","1","471"
"O 103","1","47"
"O 104","1","507"
"O 105","1","7"
"O 106","1","15"
"O 107","1","29"
"O 108","1","224"
"O 109","1","226"
"O 110","1","63"
"O 111","1","70"
"O 112","1","261"
"O 112 A","1","205"
"O 113","1","79"
"O 114","1","158"
"O 115","1","1653"
"O 116","1","465"
"O 117","1","228"
"O 118","1","220"
"O 119","1","64"
"O 120","1","178"
"O 121","1","460"
"O 122","1","361"
"O 123","1","470"
"O 124","1","42"
"O 125","1","161"
"O 126","1","201"
"O 127","1","30"
"O 128","1","11"
"O 129","1","12"
"O 130","1","11"
"O 131","1","24"
"O 132","1","12"
"O 133","1","11"
"O 134","1","17"
"O 135","1","11"
"O 136","1","375"
"O 137","1","52"
"O 138","1","738"
"O 139","1","103"
"O 140","1","257"
"O 141","1","162"
"O 142","1","156"
"O 143","1","69"
"O 144","1","92"
"O 145","1","97"
"O 146","1","184"
"O 147","1","124"
"O 148","1","180"
"O 149","1","408"
"O 150","1","197"
"O 151","1","168"
"O 152","1","237"
"O 153","1","25"
"O 154","1","5"
"O 155","1","3"
"O 156","1","4"
"O 157","1","8"
"O 158","1","11"
"O 159","1","4"
"O 160","1","5"
"O 161","1","1"
"O 162","1","1"
"O 163","1","164"
"O 164","1","26"
"O 165","1","67"
"O 166","1","17"
"O 167","1","147"
"O 169","1","10"
"O 170","1","49"
"O 171","1","108"
"O 172","1","121"
"O 173","1","148"
"O 173 A","1","3"
"O 174","1","56"
"O 175","1","250"
"O 176","1","287"
"O 177","1","9"
"O 178","1","37"
"O 179","1","138"
"O 180","1","112"
"O 181","1","76"
"O 182","1","222"
"O 183","1","519"
"O 184","1","24"
"O 185","1","84"
"O 186","1","24"
"O 187","1","3"
"O 188","1","28"
"O 189","1","18"
"O 190","1","22"
"O 191","1","818"
"O 192","1","162"
"O 193","1","89"
"O 194","1","90"
"O 195","1","2"
"O 196","1","100"
"O 197","1","7"
"O 197 A","1","54"
"O 199","1","31"
"O 200","1","2527"
"O 201","1","6"
"O 201 .001","1","6"
"O 202","1","32"
"O 203","1","2"
"O 204","1","16"
"O 205","1","12"
"O 206","1","49"
"O 207","1","9"
"O 208","1","37"
"O 209","1","29"
"O 210","1","70"
"O 211","1","12"
"O 212","1","25"
"O 213","1","35"
"O 214","1","184"
"O 215","1","30"
"O 216","1","4"
"O 217","1","32"
"O 218","1","136"
"O 219","1","20"
"O 220","1","1"
"SIO 1","1","27"
"SIO 2","1","69"
"SIO 2 A","1","181"
"SIO 2 A .001","9","181"
"SIO 2 A .002","14","181"
"SIO 2 A .003","19","181"
"SIO 3","1","190"
"SIO 4","1","500"
"SIO 4 .001","13","500"
"SIO 5","1","86"
"SIO 6","1","828"
"SIO 6 .001","13","828"
"SIO 7","1","267"
"SIO 7 A","1","218"
"SIO 7 A .001","12","218"
"SIO 7 A .002","20","218"
"SIO 8","1","150"
"SIO 9","1","2270"
"SIO 9 .001","19","2270"
"SIO 9 A","1","713"
"SIO 9 A .001","15","713"
"SIO 10","1","73"
"SIO 11","1","125"
